{"name": "WDJ1013-0427", "ztf_id": "ZTF20aaelume", "ra_deg": 153.27641666666665, "dec_deg": -4.4583055555555555, "ref_mag": 18.25, "jd": [2460286.9111806, 2460286.9116551, 2460594.0285069, 2460594.0289815, 2460594.029456, 2460691.8727315, 2460691.873206, 2460705.8543403, 2460714.8082986, 2460714.8087731, 2460732.8042361, 2460732.8098727, 2460776.7073264, 2460776.7078009, 2460960.0348843, 2460961.0352431, 2460961.0402894, 2460962.0358218, 2460967.0273495, 2460967.0312384, 2460967.0351389, 2460968.0267708, 2460968.0306713, 2460968.0345718, 2460969.0286921, 2460969.0325926, 2460969.0365046, 2460970.027419, 2460970.0314005, 2460970.0353819, 2460971.0290278, 2460971.0330093, 2460971.0369907, 2461061.8478241, 2461061.848287, 2461070.771088, 2461071.8300116, 2461071.8304745, 2461093.8223148, 2461093.8227894], "mag": [18.5336, 18.3889, 18.4301, 18.4157, 18.4638, 18.5524, 18.4616, 18.5057, 18.4974, 18.5028, 18.4694, 18.4843, 18.3951, 18.4111, 18.53, 18.5724, 18.5926, 18.4796, 18.4304, 18.5371, 18.4673, 18.4453, 18.4665, 18.4316, 18.4962, 18.4336, 18.4889, 18.5001, 18.4265, 18.4879, 18.4427, 18.4229, 18.5188, 18.4871, 18.459, 18.4942, 18.4394, 18.419, 18.567, 18.4437], "mag_unc": [0.0411, 0.0361, 0.0848, 0.0787, 0.0908, 0.0928, 0.0722, 0.0259, 0.0465, 0.0465, 0.0261, 0.0233, 0.0551, 0.0556, 0.0774, 0.0774, 0.1056, 0.0708, 0.0431, 0.0443, 0.0509, 0.0392, 0.0419, 0.047, 0.041, 0.0401, 0.0605, 0.0319, 0.0336, 0.0409, 0.0335, 0.0355, 0.0491, 0.036, 0.0347, 0.0842, 0.075, 0.0723, 0.0522, 0.0575], "filter": ["ZTF_r", "ZTF_r", "ZTF_r", "ZTF_r", "ZTF_r", "ZTF_r", "ZTF_r", "ZTF_r", "ZTF_r", "ZTF_r", "ZTF_r", "ZTF_r", "ZTF_r", "ZTF_r", "ZTF_r", "ZTF_r", "ZTF_r", "ZTF_r", "ZTF_r", "ZTF_r", "ZTF_r", "ZTF_r", "ZTF_r", "ZTF_r", "ZTF_r", "ZTF_r", "ZTF_r", "ZTF_r", "ZTF_r", "ZTF_r", "ZTF_r", "ZTF_r", "ZTF_r", "ZTF_r", "ZTF_r", "ZTF_r", "ZTF_r", "ZTF_r", "ZTF_r", "ZTF_r"]}